{"ultimoId":8,"dados":[{"id":3,"titulo":"Dom Casmurro","autor":"Machado de Assis","ano":"1899","emprestado":false},{"id":4,"titulo":"1984","autor":"George Orwell","ano":"1949","emprestado":false},{"id":5,"titulo":"Violetas na Janela","autor":"Vera Lucia Marinzeck de Carvalho","ano":"1999","emprestado":false},{"id":6,"titulo":"Dias na Birmania","autor":"George Orwell","ano":"1934","emprestado":false},{"id":7,"titulo":"Harry Potter e o Prisioneiro de Azkaban","autor":"J.K.Rowling","ano":"1999","emprestado":false}]}